edge_id,interval_nVehContrib,interval_harmonicMeanSpeed,bo_iteration,batch
D2,719.0,8.793333333333335,0,0
D4,1707.0,8.137142857142857,0,0
D5,1462.0,11.3925,0,0
D7,964.0,11.034285714285714,0,0
L10,964.0,11.80875,0,0
L12,719.0,11.1125,0,0
L14,1707.0,11.4725,0,0
L15,719.0,8.4175,0,0
L16,964.0,11.80375,0,0
L18,1462.0,11.4025,0,0
L2,719.0,10.839999999999998,0,0
L4,1707.0,10.157142857142857,0,0
L5,1462.0,11.0675,0,0
L7,964.0,11.5375,0,0
D2,1071.0,8.434000000000001,1,0
D4,1629.0,8.578571428571427,1,0
D5,1378.0,11.45875,1,0
D7,1322.0,11.1075,1,0
L10,1322.0,11.265,1,0
L12,1071.0,11.602,1,0
L14,1629.0,11.402857142857142,1,0
L15,740.0,11.456,1,0
L16,991.0,11.434285714285712,1,0
L18,1378.0,11.545714285714284,1,0
L2,1071.0,10.048,1,0
L4,1629.0,10.142857142857142,1,0
L5,1378.0,11.4525,1,0
L7,1322.0,10.92875,1,0
D2,933.0,8.594999999999999,2,0
D4,1754.0,8.211428571428572,2,0
D5,1367.0,11.59,2,0
D7,1320.0,11.355555555555556,2,0
L10,1320.0,11.5725,2,0
L12,933.0,11.594,2,0
L14,1754.0,11.4125,2,0
L15,580.0,11.431999999999999,2,0
L16,967.0,11.675,2,0
L18,1367.0,11.5525,2,0
L2,933.0,10.6675,2,0
L4,1754.0,10.134285714285713,2,0
L5,1367.0,11.3775,2,0
L7,1320.0,11.13875,2,0
D4,2000.0,8.375,3,0
D5,2000.0,11.167,3,0
L14,2000.0,7.001111111111111,3,0
L18,2000.0,11.524444444444445,3,0
L4,2000.0,9.38125,3,0
L5,2000.0,10.953333333333333,3,0
D2,774.0,8.785,4,0
D4,2047.0,8.49875,4,0
D5,1545.0,11.397777777777778,4,0
D7,1276.0,11.094444444444443,4,0
L10,1276.0,11.582222222222223,4,0
L12,774.0,11.625,4,0
L14,2047.0,11.365555555555554,4,0
L15,439.0,11.690000000000001,4,0
L16,941.0,11.976666666666667,4,0
L18,1545.0,11.544444444444444,4,0
L2,774.0,10.775,4,0
L4,2047.0,9.956666666666667,4,0
L5,1545.0,11.334444444444445,4,0
L7,1276.0,11.217,4,0
D2,1082.0,8.268,5,0
D4,1839.0,8.28125,5,0
D5,1287.0,11.693333333333333,5,0
D7,1634.0,11.091111111111111,5,0
L10,1634.0,11.128888888888888,5,0
L12,1082.0,11.412,5,0
L14,1839.0,11.4425,5,0
L15,546.0,11.668000000000001,5,0
L16,1098.0,11.3575,5,0
L18,1287.0,11.7375,5,0
L2,1082.0,10.224,5,0
L4,1839.0,9.87375,5,0
L5,1287.0,11.67375,5,0
L7,1634.0,10.88111111111111,5,0
D2,1097.0,8.568,6,0
D4,1705.0,8.547142857142857,6,0
D5,1435.0,11.501249999999999,6,0
D7,1367.0,11.32375,6,0
L10,1367.0,11.47,6,0
L12,1097.0,11.622,6,0
L14,1705.0,11.5575,6,0
L15,615.0,11.608,6,0
L16,885.0,11.88125,6,0
L18,1435.0,11.45625,6,0
L2,1097.0,9.704,6,0
L4,1705.0,10.017142857142858,6,0
L5,1435.0,11.286249999999999,6,0
L7,1367.0,11.0925,6,0
D2,1017.0,8.504999999999999,7,0
D4,1650.0,8.667142857142858,7,0
D5,1347.0,11.370000000000001,7,0
D7,1320.0,11.46625,7,0
L10,1320.0,11.70125,7,0
L12,1017.0,11.664,7,0
L14,1650.0,11.301428571428572,7,0
L15,570.0,11.968,7,0
L16,873.0,12.05125,7,0
L18,1347.0,11.35875,7,0
L2,1017.0,10.488,7,0
L4,1650.0,10.054285714285713,7,0
L5,1347.0,11.14375,7,0
L7,1320.0,11.31375,7,0
D2,953.0,8.415,8,0
D4,1820.0,7.99875,8,0
D5,1366.0,11.454444444444444,8,0
D7,1407.0,11.501111111111111,8,0
L10,1407.0,11.615,8,0
L12,953.0,11.168000000000001,8,0
L14,1820.0,11.56,8,0
L15,515.0,11.338,8,0
L16,969.0,11.93375,8,0
L18,1366.0,11.61,8,0
L2,953.0,9.41,8,0
L4,1820.0,10.442499999999999,8,0
L5,1366.0,11.41,8,0
L7,1407.0,11.42,8,0
D2,1079.0,8.9,9,0
D4,1883.0,8.4375,9,0
D5,1598.0,11.357777777777777,9,0
D7,1364.0,11.51,9,0
L10,1364.0,11.797777777777778,9,0
L12,1079.0,11.474,9,0
L14,1883.0,11.48625,9,0
L15,690.0,11.306000000000001,9,0
L16,975.0,12.22125,9,0
L18,1598.0,11.19625,9,0
L2,1079.0,10.044,9,0
L4,1883.0,10.185,9,0
L5,1598.0,11.137777777777778,9,0
L7,1364.0,11.454444444444444,9,0
D2,815.0,8.24,10,0
D4,1588.0,9.062857142857142,10,0
D5,1228.0,11.4575,10,0
D7,1175.0,11.52875,10,0
L10,1175.0,11.55375,10,0
L12,815.0,11.405,10,0
L14,1588.0,11.469999999999999,10,0
L15,489.0,11.4875,10,0
L16,849.0,11.81,10,0
L18,1228.0,11.5,10,0
L2,815.0,10.1825,10,0
L4,1588.0,9.851428571428572,10,0
L5,1228.0,11.37142857142857,10,0
L7,1175.0,11.405,10,0
D2,1077.0,8.803999999999998,11,0
D4,1771.0,8.395714285714286,11,0
D5,1422.0,11.7925,11,0
D7,1426.0,11.156666666666666,11,0
L10,1426.0,11.37125,11,0
L12,1077.0,11.623999999999999,11,0
L14,1771.0,11.317499999999999,11,0
L15,565.0,11.852,11,0
L16,914.0,11.70875,11,0
L18,1422.0,11.8875,11,0
L2,1077.0,9.212,11,0
L4,1771.0,10.065714285714284,11,0
L5,1422.0,11.4875,11,0
L7,1426.0,10.894444444444444,11,0
D2,1178.0,8.222,12,0
D4,1861.0,8.60875,12,0
D5,1505.0,11.58,12,0
D7,1534.0,11.253333333333334,12,0
L10,1534.0,11.344444444444443,12,0
L12,1178.0,11.52,12,0
L14,1861.0,11.46,12,0
L15,582.0,11.966666666666667,12,0
L16,938.0,11.87125,12,0
L18,1505.0,11.7325,12,0
L2,1178.0,10.315999999999999,12,0
L4,1861.0,10.09375,12,0
L5,1505.0,11.395,12,0
L7,1534.0,11.11,12,0
D2,1023.0,9.052000000000001,13,0
D4,1793.0,8.702857142857143,13,0
D5,1392.0,11.2775,13,0
D7,1424.0,11.373333333333333,13,0
L10,1424.0,11.44875,13,0
L12,1023.0,11.528,13,0
L14,1793.0,11.435,13,0
L15,566.0,11.764,13,0
L16,967.0,11.72125,13,0
L18,1392.0,11.6775,13,0
L2,1023.0,9.778,13,0
L4,1793.0,9.505,13,0
L5,1392.0,11.1525,13,0
L7,1424.0,11.21888888888889,13,0
D2,1346.0,8.58,14,0
D4,1727.0,8.122857142857143,14,0
D5,1320.0,11.365,14,0
D7,1753.0,11.2625,14,0
L10,1753.0,11.272499999999999,14,0
L12,1346.0,11.008333333333333,14,0
L14,1727.0,11.715,14,0
L15,197.0,13.295,14,0
L16,604.0,12.33,14,0
L18,1320.0,11.59125,14,0
L2,1346.0,9.913333333333332,14,0
L4,1727.0,10.234285714285715,14,0
L5,1320.0,11.34,14,0
L7,1753.0,10.95125,14,0
D2,790.0,7.9799999999999995,15,0
D4,1934.0,8.504999999999999,15,0
D5,1260.0,11.442222222222222,15,0
D7,1464.0,11.387777777777778,15,0
L10,1464.0,11.394444444444444,15,0
L12,790.0,11.555,15,0
L14,1934.0,11.37,15,0
L15,278.0,12.275,15,0
L16,952.0,12.013333333333334,15,0
L18,1260.0,11.642222222222223,15,0
L2,790.0,9.807500000000001,15,0
L4,1934.0,9.58,15,0
L5,1260.0,11.431111111111111,15,0
L7,1464.0,11.265555555555556,15,0
D2,978.0,8.3125,16,0
D4,1735.0,8.601428571428572,16,0
D5,1327.0,11.475,16,0
D7,1386.0,11.4525,16,0
L10,1386.0,11.3375,16,0
L12,978.0,11.368,16,0
L14,1735.0,11.59125,16,0
L15,542.0,11.622,16,0
L16,950.0,11.6925,16,0
L18,1327.0,11.76125,16,0
L2,978.0,10.4825,16,0
L4,1735.0,10.234285714285715,16,0
L5,1327.0,11.3825,16,0
L7,1386.0,10.977500000000001,16,0
D2,1020.0,8.8575,17,0
D4,1766.0,8.418571428571429,17,0
D5,1338.0,11.54,17,0
D7,1448.0,11.178888888888888,17,0
L10,1448.0,11.30125,17,0
L12,1020.0,11.224,17,0
L14,1766.0,11.43375,17,0
L15,532.0,11.726,17,0
L16,960.0,11.63375,17,0
L18,1338.0,11.8475,17,0
L2,1020.0,10.346,17,0
L4,1766.0,10.122857142857143,17,0
L5,1338.0,11.28375,17,0
L7,1448.0,11.13125,17,0
D2,1031.0,9.075,18,0
D4,1739.0,8.208571428571428,18,0
D5,1254.0,11.45625,18,0
D7,1516.0,11.212222222222222,18,0
L10,1516.0,11.20625,18,0
L12,1031.0,11.504000000000001,18,0
L14,1739.0,11.27125,18,0
L15,472.0,12.166,18,0
L16,957.0,11.7075,18,0
L18,1254.0,11.6525,18,0
L2,1031.0,10.89,18,0
L4,1739.0,9.782857142857143,18,0
L5,1254.0,11.38375,18,0
L7,1516.0,10.848749999999999,18,0
D2,1013.0,8.7675,19,0
D4,1766.0,8.459999999999999,19,0
D5,1366.0,11.23375,19,0
D7,1413.0,11.628888888888888,19,0
L10,1413.0,11.65,19,0
L12,1013.0,11.42,19,0
L14,1766.0,11.3925,19,0
L15,566.0,11.166,19,0
L16,966.0,11.959999999999999,19,0
L18,1366.0,11.39625,19,0
L2,1013.0,10.474,19,0
L4,1766.0,9.84,19,0
L5,1366.0,11.20625,19,0
L7,1413.0,11.343333333333334,19,0
D2,881.0,8.215,20,0
D4,1682.0,8.638571428571428,20,0
D5,1262.0,11.28125,20,0
D7,1301.0,11.70875,20,0
L10,1301.0,11.72375,20,0
L12,881.0,11.4125,20,0
L14,1682.0,11.4,20,0
L15,477.0,11.14,20,0
L16,897.0,11.9625,20,0
L18,1262.0,11.29875,20,0
L2,881.0,9.844999999999999,20,0
L4,1682.0,10.288571428571428,20,0
L5,1262.0,11.21625,20,0
L7,1301.0,11.52125,20,0
D2,907.0,7.9399999999999995,21,0
D4,1781.0,8.381428571428572,21,0
D5,1411.0,11.2825,21,0
D7,1277.0,11.527777777777779,21,0
L10,1277.0,11.7475,21,0
L12,907.0,7.215999999999999,21,0
L14,1781.0,11.34375,21,0
L16,370.0,12.7925,21,0
L18,1411.0,11.35375,21,0
L2,907.0,9.675,21,0
L4,1781.0,10.1925,21,0
L5,1411.0,11.21125,21,0
L7,1277.0,11.3625,21,0
D2,954.0,8.7875,22,0
D4,1866.0,8.83,22,0
D5,1372.0,11.473333333333333,22,0
D7,1448.0,11.431111111111111,22,0
L10,1448.0,11.52111111111111,22,0
L12,954.0,11.453999999999999,22,0
L14,1866.0,11.48875,22,0
L15,554.0,11.394,22,0
L16,1048.0,11.78,22,0
L18,1372.0,11.64875,22,0
L2,954.0,9.2275,22,0
L4,1866.0,10.17,22,0
L5,1372.0,11.256666666666668,22,0
L7,1448.0,11.321111111111112,22,0
D2,843.0,7.8475,23,0
D4,2404.0,8.489,23,0
D5,1594.0,11.26,23,0
D7,1653.0,11.222727272727273,23,0
L10,1653.0,11.374545454545455,23,0
L12,843.0,11.4675,23,0
L14,2404.0,11.364,23,0
L15,76.0,13.6,23,0
L16,886.0,12.128,23,0
L18,1594.0,11.581,23,0
L2,843.0,10.875,23,0
L4,2404.0,10.107,23,0
L5,1594.0,11.125454545454545,23,0
L7,1653.0,11.074545454545454,23,0
D2,1028.0,9.006,24,0
D4,1822.0,8.682857142857143,24,0
D5,1466.0,11.31875,24,0
D7,1384.0,11.597777777777777,24,0
L10,1384.0,11.567499999999999,24,0
L12,1028.0,11.536,24,0
L14,1822.0,11.45125,24,0
L15,316.0,12.276,24,0
L16,672.0,12.1275,24,0
L18,1466.0,11.51125,24,0
L2,1028.0,10.036,24,0
L4,1822.0,9.96875,24,0
L5,1466.0,11.217500000000001,24,0
L7,1384.0,11.555555555555555,24,0
D2,1068.0,8.074,25,0
D4,1782.0,8.534285714285714,25,0
D5,1477.0,11.44125,25,0
D7,1373.0,11.465555555555556,25,0
L10,1373.0,11.49125,25,0
L12,1068.0,11.488,25,0
L14,1782.0,11.4125,25,0
L15,229.0,12.562000000000001,25,0
L16,534.0,12.32,25,0
L18,1477.0,11.3025,25,0
L2,1068.0,10.443999999999999,25,0
L4,1782.0,9.7825,25,0
L5,1477.0,11.036249999999999,25,0
L7,1373.0,11.21125,25,0
D2,996.0,8.2475,26,0
D4,1808.0,8.5,26,0
D5,1385.0,11.27375,26,0
D7,1419.0,11.52,26,0
L10,1419.0,11.4925,26,0
L12,996.0,11.436,26,0
L14,1808.0,11.41375,26,0
L15,558.0,11.66,26,0
L16,981.0,11.92125,26,0
L18,1385.0,11.54,26,0
L2,996.0,10.474,26,0
L4,1808.0,10.1725,26,0
L5,1385.0,11.16625,26,0
L7,1419.0,11.343333333333334,26,0
D2,1441.0,8.773333333333333,27,0
D4,1638.0,8.385714285714286,27,0
D5,1523.0,11.30375,27,0
D7,1556.0,11.20625,27,0
L10,1556.0,11.42,27,0
L12,1441.0,11.546666666666667,27,0
L14,1638.0,11.428571428571429,27,0
L15,566.0,12.265714285714285,27,0
L16,681.0,12.23875,27,0
L18,1523.0,11.1575,27,0
L2,1441.0,10.371666666666668,27,0
L4,1638.0,9.995714285714286,27,0
L5,1523.0,11.04375,27,0
L7,1556.0,11.12625,27,0
D2,982.0,8.6475,28,0
D4,1882.0,8.842500000000001,28,0
D5,1430.0,11.63888888888889,28,0
D7,1434.0,11.226666666666667,28,0
L10,1434.0,11.251111111111111,28,0
L12,982.0,11.474,28,0
L14,1882.0,11.5375,28,0
L15,566.0,11.648,28,0
L16,1018.0,11.65625,28,0
L18,1430.0,11.885,28,0
L2,982.0,9.251999999999999,28,0
L4,1882.0,10.11625,28,0
L5,1430.0,11.646666666666668,28,0
L7,1434.0,11.042222222222222,28,0
D2,1099.0,8.504,29,0
D4,1870.0,8.6325,29,0
D5,1188.0,11.494444444444445,29,0
D7,1781.0,11.407777777777778,29,0
L10,1781.0,11.263333333333334,29,0
L12,1099.0,11.484,29,0
L14,1870.0,11.42625,29,0
L15,688.0,11.406,29,0
L16,1370.0,11.26,29,0
L18,1188.0,11.71625,29,0
L2,1099.0,10.33,29,0
L4,1870.0,10.05125,29,0
L5,1188.0,11.316666666666666,29,0
L7,1781.0,11.105555555555556,29,0
D2,980.0,8.355,30,0
D4,1869.0,8.1725,30,0
D5,1415.0,11.392222222222223,30,0
D7,1434.0,11.332222222222223,30,0
L10,1434.0,11.27888888888889,30,0
L12,980.0,11.538,30,0
L14,1869.0,11.446250000000001,30,0
L15,551.0,11.8,30,0
L16,1005.0,11.9225,30,0
L18,1415.0,11.57625,30,0
L2,980.0,10.1625,30,0
L4,1869.0,10.251249999999999,30,0
L5,1415.0,11.121111111111112,30,0
L7,1434.0,11.21888888888889,30,0
D2,1058.0,8.809999999999999,31,0
D4,1882.0,8.92125,31,0
D5,1429.0,11.333333333333334,31,0
D7,1511.0,11.421111111111111,31,0
L10,1511.0,11.286666666666667,31,0
L12,1058.0,11.586,31,0
L14,1882.0,11.4525,31,0
L15,556.0,11.822,31,0
L16,1009.0,11.87625,31,0
L18,1429.0,11.66,31,0
L2,1058.0,8.812000000000001,31,0
L4,1882.0,10.15875,31,0
L5,1429.0,11.195555555555556,31,0
L7,1511.0,11.19,31,0
D2,1002.0,8.5775,32,0
D4,1801.0,8.681428571428572,32,0
D5,1460.0,11.145,32,0
D7,1343.0,11.381111111111112,32,0
L10,1343.0,11.445,32,0
L12,1002.0,11.532,32,0
L14,1801.0,11.435,32,0
L15,459.0,12.315999999999999,32,0
L16,800.0,12.29125,32,0
L18,1460.0,11.47125,32,0
L2,1002.0,9.858,32,0
L4,1801.0,10.1425,32,0
L5,1460.0,11.02625,32,0
L7,1343.0,11.125555555555556,32,0
D2,913.0,8.26,33,0
D4,1772.0,8.629999999999999,33,0
D5,1466.0,11.215,33,0
D7,1219.0,11.576666666666666,33,0
L10,1219.0,11.70125,33,0
L12,913.0,11.662,33,0
L14,1772.0,11.39,33,0
L15,389.0,12.32,33,0
L16,695.0,12.29875,33,0
L18,1466.0,11.401250000000001,33,0
L2,913.0,9.6275,33,0
L4,1772.0,10.342857142857143,33,0
L5,1466.0,11.075,33,0
L7,1219.0,11.29125,33,0
D2,980.0,8.5175,34,0
D4,1899.0,8.555,34,0
D5,1424.0,11.466666666666667,34,0
D7,1455.0,11.36,34,0
L10,1455.0,11.591111111111111,34,0
L12,980.0,11.514,34,0
L14,1899.0,11.355,34,0
L15,484.0,11.67,34,0
L16,959.0,11.86875,34,0
L18,1424.0,11.42,34,0
L2,980.0,9.164,34,0
L4,1899.0,10.395,34,0
L5,1424.0,11.085555555555555,34,0
L7,1455.0,11.144444444444444,34,0
D2,1122.0,8.716,35,0
D4,1853.0,8.7325,35,0
D5,1580.0,11.453333333333333,35,0
D7,1395.0,10.80875,35,0
L10,1395.0,11.583333333333334,35,0
L12,1122.0,11.344,35,0
L14,1853.0,11.5025,35,0
L15,997.0,9.088333333333333,35,0
L16,1270.0,11.16875,35,0
L18,1580.0,11.51125,35,0
L2,1122.0,10.156,35,0
L4,1853.0,10.3725,35,0
L5,1580.0,11.14125,35,0
L7,1395.0,10.97888888888889,35,0
D2,963.0,8.6175,36,0
D4,1381.0,8.478333333333333,36,0
D5,1062.0,11.366666666666667,36,0
D7,1282.0,10.88,36,0
L10,1282.0,11.781428571428572,36,0
L12,963.0,7.8260000000000005,36,0
L14,1381.0,11.066666666666668,36,0
L15,963.0,9.384,36,0
L16,1282.0,9.084285714285715,36,0
L18,1062.0,12.174999999999999,36,0
L2,963.0,10.0625,36,0
L4,1381.0,10.508333333333333,36,0
L5,1062.0,11.371666666666668,36,0
L7,1282.0,11.302857142857144,36,0
D2,1056.0,8.696000000000002,37,0
D4,1910.0,9.0975,37,0
D5,1516.0,11.164444444444445,37,0
D7,1450.0,11.408888888888889,37,0
L10,1450.0,11.392222222222223,37,0
L12,1056.0,11.452,37,0
L14,1910.0,11.49625,37,0
L15,443.0,12.01,37,0
L16,837.0,12.1075,37,0
L18,1516.0,11.503333333333334,37,0
L2,1056.0,10.382,37,0
L4,1910.0,9.9075,37,0
L5,1516.0,11.04888888888889,37,0
L7,1450.0,11.18888888888889,37,0
D2,999.0,8.5975,38,0
D4,1800.0,8.667142857142858,38,0
D5,1411.0,11.48875,38,0
D7,1388.0,11.481111111111112,38,0
L10,1388.0,11.4325,38,0
L12,999.0,11.242,38,0
L14,1800.0,11.41875,38,0
L15,535.0,11.786,38,0
L16,924.0,11.90625,38,0
L18,1411.0,11.63625,38,0
L2,999.0,10.526,38,0
L4,1800.0,10.06,38,0
L5,1411.0,11.43875,38,0
L7,1388.0,11.115555555555554,38,0
D2,993.0,8.7325,39,0
D4,1815.0,8.311428571428571,39,0
D5,1408.0,11.305555555555555,39,0
D7,1400.0,11.647777777777778,39,0
L10,1400.0,11.70875,39,0
L12,993.0,11.292,39,0
L14,1815.0,11.602500000000001,39,0
L15,527.0,11.398,39,0
L16,934.0,12.15875,39,0
L18,1408.0,11.34625,39,0
L2,993.0,10.128,39,0
L4,1815.0,10.11,39,0
L5,1408.0,11.067499999999999,39,0
L7,1400.0,11.567777777777778,39,0
D2,985.0,8.442499999999999,40,0
D4,1810.0,8.625714285714286,40,0
D5,1427.0,11.27125,40,0
D7,1368.0,11.348888888888888,40,0
L10,1368.0,11.394444444444444,40,0
L12,985.0,11.608,40,0
L14,1810.0,11.276250000000001,40,0
L15,514.0,11.888,40,0
L16,897.0,11.82375,40,0
L18,1427.0,11.52625,40,0
L2,985.0,9.98,40,0
L4,1810.0,10.14625,40,0
L5,1427.0,11.2125,40,0
L7,1368.0,10.928888888888888,40,0
D2,1344.0,8.483333333333333,41,0
D4,1274.0,8.75,41,0
D5,1428.0,10.770000000000001,41,0
D7,1190.0,10.733333333333334,41,0
L10,1190.0,11.708333333333334,41,0
L12,1344.0,11.296666666666667,41,0
L14,1274.0,11.208333333333334,41,0
L15,1254.0,8.93,41,0
L16,1100.0,10.801666666666668,41,0
L18,1428.0,11.501428571428573,41,0
L2,1344.0,10.055,41,0
L4,1274.0,10.261666666666667,41,0
L5,1428.0,10.671666666666667,41,0
L7,1190.0,11.037142857142857,41,0
D2,1075.0,8.558,42,0
D4,1845.0,8.77,42,0
D5,1292.0,11.356666666666667,42,0
D7,1628.0,11.232222222222223,42,0
L10,1628.0,11.05888888888889,42,0
L12,1075.0,11.314,42,0
L14,1845.0,11.475,42,0
L15,174.0,13.374,42,0
L16,727.0,12.16625,42,0
L18,1292.0,11.84625,42,0
L2,1075.0,10.23,42,0
L4,1845.0,9.96375,42,0
L5,1292.0,11.235,42,0
L7,1628.0,10.845555555555556,42,0
D2,982.0,8.53,43,0
D4,1830.0,8.695,43,0
D5,1435.0,11.58375,43,0
D7,1377.0,10.84,43,0
L10,1377.0,11.152222222222223,43,0
L12,982.0,11.486,43,0
L14,1830.0,11.5,43,0
L15,661.0,11.145999999999999,43,0
L16,1056.0,11.56875,43,0
L18,1435.0,11.7475,43,0
L2,982.0,9.936,43,0
L4,1830.0,10.3125,43,0
L5,1435.0,11.440000000000001,43,0
L7,1377.0,10.95,43,0
D2,938.0,8.4375,44,0
D4,1813.0,8.618571428571428,44,0
D5,1447.0,11.405000000000001,44,0
D7,1304.0,11.56111111111111,44,0
L10,1304.0,11.44875,44,0
L12,938.0,11.303999999999998,44,0
L14,1813.0,11.46,44,0
L15,504.0,11.836,44,0
L16,870.0,11.848749999999999,44,0
L18,1447.0,11.688749999999999,44,0
L2,938.0,10.4725,44,0
L4,1813.0,10.305,44,0
L5,1447.0,11.3375,44,0
L7,1304.0,11.52,44,0
D2,988.0,8.705,45,0
D4,1820.0,8.618571428571428,45,0
D5,1413.0,11.54888888888889,45,0
D7,1395.0,11.172222222222222,45,0
L10,1395.0,11.25875,45,0
L12,988.0,11.336,45,0
L14,1820.0,11.446250000000001,45,0
L15,518.0,12.208,45,0
L16,925.0,11.84,45,0
L18,1413.0,11.71875,45,0
L2,988.0,10.294,45,0
L4,1820.0,10.12375,45,0
L5,1413.0,11.44,45,0
L7,1395.0,10.933333333333334,45,0
D2,987.0,8.89,46,0
D4,1813.0,8.634285714285713,46,0
D5,1414.0,11.596666666666668,46,0
D7,1386.0,11.33222222222222,46,0
L10,1386.0,11.28111111111111,46,0
L12,987.0,11.286,46,0
L14,1813.0,11.4275,46,0
L15,516.0,11.856,46,0
L16,915.0,12.03875,46,0
L18,1414.0,11.57875,46,0
L2,987.0,9.662,46,0
L4,1813.0,9.99375,46,0
L5,1414.0,11.26,46,0
L7,1386.0,10.954444444444444,46,0
D2,1137.0,8.68,47,0
D4,1934.0,8.83,47,0
D5,1715.0,11.467777777777776,47,0
D7,1356.0,11.477777777777778,47,0
L10,1356.0,11.661111111111111,47,0
L12,1137.0,11.632000000000001,47,0
L14,1934.0,11.44625,47,0
L15,355.0,12.023333333333333,47,0
L16,574.0,12.588888888888889,47,0
L18,1715.0,11.334444444444445,47,0
L2,1137.0,10.190000000000001,47,0
L4,1934.0,10.06375,47,0
L5,1715.0,11.056666666666665,47,0
L7,1356.0,11.408888888888889,47,0
D2,991.0,8.8025,48,0
D4,1801.0,8.404285714285715,48,0
D5,1405.0,11.454444444444444,48,0
D7,1387.0,11.248888888888889,48,0
L10,1387.0,11.3825,48,0
L12,991.0,11.618,48,0
L14,1801.0,11.27375,48,0
L15,501.0,12.034,48,0
L16,897.0,11.71875,48,0
L18,1405.0,11.66875,48,0
L2,991.0,10.585,48,0
L4,1801.0,10.1475,48,0
L5,1405.0,11.50125,48,0
L7,1387.0,10.914444444444445,48,0
D2,975.0,8.5075,49,0
D4,1815.0,8.067142857142857,49,0
D5,1398.0,11.46125,49,0
D7,1392.0,11.368888888888888,49,0
L10,1392.0,11.4125,49,0
L12,975.0,11.266,49,0
L14,1815.0,11.45125,49,0
L15,504.0,11.856,49,0
L16,921.0,11.92875,49,0
L18,1398.0,11.46,49,0
L2,975.0,9.955,49,0
L4,1815.0,10.455,49,0
L5,1398.0,11.14875,49,0
L7,1392.0,11.034444444444444,49,0
D2,988.0,8.557500000000001,50,0
D4,1752.0,8.41,50,0
D5,1343.0,11.17875,50,0
D7,1397.0,11.38111111111111,50,0
L10,1397.0,11.4475,50,0
L12,988.0,11.302000000000001,50,0
L14,1752.0,11.41375,50,0
L15,454.0,12.004,50,0
L16,863.0,12.030000000000001,50,0
L18,1343.0,11.45875,50,0
L2,988.0,10.39,50,0
L4,1752.0,10.171428571428573,50,0
L5,1343.0,11.09125,50,0
L7,1397.0,11.09875,50,0
D2,807.0,8.385,51,0
D4,1716.0,8.528571428571428,51,0
D5,1233.0,11.4375,51,0
D7,1290.0,10.964285714285714,51,0
L10,1290.0,11.67,51,0
L12,807.0,11.09,51,0
L14,1716.0,11.4925,51,0
L15,703.0,10.295,51,0
L16,1186.0,11.352500000000001,51,0
L18,1233.0,11.75625,51,0
L2,807.0,10.325,51,0
L4,1716.0,9.92,51,0
L5,1233.0,11.387500000000001,51,0
L7,1290.0,11.13625,51,0
D2,1175.0,8.512,52,0
D4,1356.0,8.053333333333333,52,0
D5,1292.0,11.367142857142856,52,0
D7,1239.0,11.588571428571429,52,0
L10,1239.0,11.707142857142857,52,0
L12,1175.0,11.35,52,0
L14,1356.0,11.388333333333334,52,0
L15,169.0,13.06,52,0
L16,233.0,13.049999999999999,52,0
L18,1292.0,11.047142857142857,52,0
L2,1175.0,9.678,52,0
L4,1356.0,10.146666666666667,52,0
L5,1292.0,11.152857142857142,52,0
L7,1239.0,11.245714285714286,52,0
D2,987.0,8.475,53,0
D4,1802.0,8.711428571428572,53,0
D5,1406.0,11.573333333333332,53,0
D7,1383.0,11.309999999999999,53,0
L10,1383.0,11.3475,53,0
L12,987.0,11.4,53,0
L14,1802.0,11.3975,53,0
L15,509.0,12.2,53,0
L16,905.0,11.8875,53,0
L18,1406.0,11.7275,53,0
L2,987.0,9.6975,53,0
L4,1802.0,10.21,53,0
L5,1406.0,11.45125,53,0
L7,1383.0,10.88888888888889,53,0
D2,991.0,8.1325,54,0
D4,1806.0,8.035714285714286,54,0
D5,1401.0,11.74375,54,0
D7,1396.0,11.213333333333333,54,0
L10,1396.0,11.4025,54,0
L12,991.0,11.386,54,0
L14,1806.0,11.45125,54,0
L15,499.0,12.272,54,0
L16,904.0,11.7825,54,0
L18,1401.0,11.7175,54,0
L2,991.0,10.290000000000001,54,0
L4,1806.0,9.83875,54,0
L5,1401.0,11.45375,54,0
L7,1396.0,10.952222222222222,54,0
D2,985.0,8.565000000000001,55,0
D4,1800.0,8.221428571428572,55,0
D5,1398.0,11.36625,55,0
D7,1387.0,11.47111111111111,55,0
L10,1387.0,11.42111111111111,55,0
L12,985.0,11.458,55,0
L14,1800.0,11.37875,55,0
L15,501.0,12.056000000000001,55,0
L16,903.0,12.105,55,0
L18,1398.0,11.4075,55,0
L2,985.0,10.508,55,0
L4,1800.0,10.115,55,0
L5,1398.0,11.12625,55,0
L7,1387.0,11.172222222222222,55,0
D2,1051.0,9.08,56,0
D4,2225.0,8.57,56,0
D5,1826.0,11.071000000000002,56,0
D7,1450.0,11.664,56,0
L10,1450.0,11.706,56,0
L12,1051.0,7.58,56,0
L14,2225.0,11.41,56,0
L16,399.0,12.775,56,0
L18,1826.0,11.334,56,0
L2,1051.0,10.24,56,0
L4,2225.0,10.104444444444445,56,0
L5,1826.0,10.885,56,0
L7,1450.0,11.432,56,0
D2,989.0,8.4,57,0
D4,1799.0,8.622857142857143,57,0
D5,1404.0,11.60875,57,0
D7,1384.0,11.414444444444445,57,0
L10,1384.0,11.415555555555555,57,0
L12,989.0,11.416,57,0
L14,1799.0,11.3975,57,0
L15,505.0,11.584,57,0
L16,900.0,11.8725,57,0
L18,1404.0,11.3775,57,0
L2,989.0,10.4775,57,0
L4,1799.0,9.95125,57,0
L5,1404.0,11.219999999999999,57,0
L7,1384.0,11.134444444444444,57,0
D2,981.0,8.795,58,0
D4,1796.0,8.768571428571429,58,0
D5,1393.0,11.46875,58,0
D7,1384.0,11.342222222222222,58,0
L10,1384.0,11.301111111111112,58,0
L12,981.0,11.41,58,0
L14,1796.0,11.40875,58,0
L15,497.0,11.818000000000001,58,0
L16,900.0,11.78,58,0
L18,1393.0,11.6175,58,0
L2,981.0,10.19,58,0
L4,1796.0,9.845,58,0
L5,1393.0,11.3075,58,0
L7,1384.0,10.91777777777778,58,0
D2,989.0,8.6825,59,0
D4,1801.0,8.217142857142857,59,0
D5,1401.0,11.3225,59,0
D7,1389.0,11.475555555555555,59,0
L10,1389.0,11.52375,59,0
L12,989.0,11.498000000000001,59,0
L14,1801.0,11.28875,59,0
L15,499.0,12.1,59,0
L16,899.0,11.98375,59,0
L18,1401.0,11.51625,59,0
L2,989.0,10.535,59,0
L4,1801.0,9.905,59,0
L5,1401.0,11.18,59,0
L7,1389.0,11.112222222222222,59,0
D2,985.0,8.36,60,0
D4,1801.0,8.20142857142857,60,0
D5,1397.0,11.396666666666667,60,0
D7,1389.0,11.356666666666666,60,0
L10,1389.0,11.5025,60,0
L12,985.0,11.592,60,0
L14,1801.0,11.3975,60,0
L15,505.0,11.906,60,0
L16,909.0,11.98125,60,0
L18,1397.0,11.41375,60,0
L2,985.0,10.298,60,0
L4,1801.0,10.08375,60,0
L5,1397.0,11.16,60,0
L7,1389.0,11.10888888888889,60,0
D2,832.0,8.4225,61,0
D4,2096.0,8.603333333333333,61,0
D5,1759.0,11.173,61,0
D7,1169.0,11.632,61,0
L10,1169.0,11.765,61,0
L12,832.0,11.5,61,0
L14,2096.0,11.415555555555555,61,0
L15,186.0,12.545,61,0
L16,523.0,12.704444444444444,61,0
L18,1759.0,11.325555555555557,61,0
L2,832.0,10.2825,61,0
L4,2096.0,10.23,61,0
L5,1759.0,11.015555555555556,61,0
L7,1169.0,11.543,61,0
D2,306.0,9.03,62,0
D4,542.0,8.57,62,0
D5,306.0,10.155000000000001,62,0
D7,542.0,10.59,62,0
L10,542.0,11.75,62,0
L12,306.0,9.395,62,0
L14,542.0,9.38,62,0
L15,306.0,9.616666666666667,62,0
L16,542.0,9.5925,62,0
L18,306.0,11.58,62,0
L2,306.0,9.66,62,0
L4,542.0,10.39,62,0
L5,306.0,10.030000000000001,62,0
L7,542.0,11.3625,62,0
D2,989.0,8.665,63,0
D4,1796.0,8.747142857142858,63,0
D5,1394.0,11.47625,63,0
D7,1391.0,11.5,63,0
L10,1391.0,11.58,63,0
L12,989.0,11.425999999999998,63,0
L14,1796.0,11.48375,63,0
L15,499.0,12.174,63,0
L16,901.0,12.0525,63,0
L18,1394.0,11.66,63,0
L2,989.0,10.945,63,0
L4,1796.0,10.105,63,0
L5,1394.0,11.3625,63,0
L7,1391.0,11.115,63,0
D2,928.0,8.3925,64,0
D4,1645.0,8.40857142857143,64,0
D5,1847.0,11.1425,64,0
D7,726.0,11.101428571428572,64,0
L10,726.0,11.94375,64,0
L12,928.0,10.918000000000001,64,0
L14,1645.0,11.384285714285713,64,0
L15,865.0,7.306,64,0
L16,663.0,12.120000000000001,64,0
L18,1847.0,11.15375,64,0
L2,928.0,10.03,64,0
L4,1645.0,9.717142857142859,64,0
L5,1847.0,11.025,64,0
L7,726.0,11.49375,64,0
D2,637.0,8.816666666666668,65,0
D4,2066.0,8.6025,65,0
D5,1349.0,11.532222222222224,65,0
D7,1354.0,11.379999999999999,65,0
L10,1354.0,11.571111111111112,65,0
L12,637.0,11.713333333333333,65,0
L14,2066.0,11.502222222222223,65,0
L15,548.0,10.5825,65,0
L16,1265.0,11.501111111111111,65,0
L18,1349.0,11.79,65,0
L2,637.0,9.933333333333332,65,0
L4,2066.0,9.967777777777778,65,0
L5,1349.0,11.284444444444444,65,0
L7,1354.0,11.289,65,0
D2,991.0,8.4725,66,0
D4,1798.0,8.472857142857142,66,0
D5,1399.0,11.378888888888888,66,0
D7,1390.0,11.433333333333334,66,0
L10,1390.0,11.5675,66,0
L12,991.0,11.424000000000001,66,0
L14,1798.0,11.4225,66,0
L15,504.0,11.902000000000001,66,0
L16,903.0,11.9575,66,0
L18,1399.0,11.49875,66,0
L2,991.0,10.456,66,0
L4,1798.0,9.9525,66,0
L5,1399.0,11.23625,66,0
L7,1390.0,11.149999999999999,66,0
D2,395.0,8.185,67,0
D4,2207.0,8.0,67,0
D5,1336.0,11.376999999999999,67,0
D7,1266.0,11.277777777777779,67,0
L10,1266.0,11.753,67,0
L12,395.0,11.133333333333333,67,0
L14,2207.0,11.545555555555556,67,0
L15,208.0,11.530000000000001,67,0
L16,1079.0,12.1,67,0
L18,1336.0,11.625,67,0
L2,395.0,9.934999999999999,67,0
L4,2207.0,9.946666666666665,67,0
L5,1336.0,11.281,67,0
L7,1266.0,11.238888888888889,67,0
D2,1515.0,8.336666666666668,68,0
D4,1159.0,8.678,68,0
D5,871.0,11.56375,68,0
D7,1803.0,11.267142857142858,68,0
L10,1803.0,10.921428571428573,68,0
L12,1515.0,11.248571428571427,68,0
L14,1159.0,11.334,68,0
L15,285.0,12.857142857142858,68,0
L16,573.0,11.74,68,0
L18,871.0,11.897142857142857,68,0
L2,1515.0,10.475714285714286,68,0
L4,1159.0,10.14,68,0
L5,871.0,11.635714285714286,68,0
L7,1803.0,10.89857142857143,68,0
D2,1239.0,8.482,69,0
D4,1202.0,8.638,69,0
D5,1746.0,11.08,69,0
D7,695.0,11.482000000000001,69,0
L10,695.0,12.136666666666668,69,0
L12,1239.0,11.093333333333334,69,0
L14,1202.0,11.481666666666667,69,0
L15,1110.0,6.773333333333333,69,0
L16,566.0,12.228333333333333,69,0
L18,1746.0,10.921428571428573,69,0
L2,1239.0,9.958,69,0
L4,1202.0,10.172,69,0
L5,1746.0,10.928571428571429,69,0
L7,695.0,12.038333333333334,69,0
D2,923.0,8.5975,70,0
D4,1894.0,8.8725,70,0
D5,1335.0,11.624444444444444,70,0
D7,1482.0,11.39111111111111,70,0
L10,1482.0,11.41888888888889,70,0
L12,923.0,11.416,70,0
L14,1894.0,11.51,70,0
L15,774.0,10.864,70,0
L16,1333.0,11.213333333333333,70,0
L18,1335.0,11.658888888888889,70,0
L2,923.0,10.135,70,0
L4,1894.0,10.1425,70,0
L5,1335.0,11.146666666666667,70,0
L7,1482.0,11.100000000000001,70,0
D2,976.0,8.5925,71,0
D4,1796.0,8.379999999999999,71,0
D5,1395.0,11.394444444444444,71,0
D7,1377.0,11.613333333333333,71,0
L10,1377.0,11.63375,71,0
L12,976.0,11.456,71,0
L14,1796.0,11.335,71,0
L15,496.0,11.884,71,0
L16,897.0,12.045,71,0
L18,1395.0,11.411249999999999,71,0
L2,976.0,10.3425,71,0
L4,1796.0,10.14375,71,0
L5,1395.0,11.3675,71,0
L7,1377.0,11.283333333333333,71,0
D2,732.0,8.396666666666667,72,0
D4,1222.0,8.222,72,0
D5,1068.0,11.39,72,0
D7,886.0,10.983333333333334,72,0
L10,886.0,11.88,72,0
L12,732.0,10.6675,72,0
L14,1222.0,11.549999999999999,72,0
L15,701.0,9.075,72,0
L16,855.0,11.258333333333333,72,0
L18,1068.0,11.601666666666667,72,0
L2,732.0,10.5425,72,0
L4,1222.0,9.878,72,0
L5,1068.0,10.768333333333333,72,0
L7,886.0,11.466666666666667,72,0
D2,987.0,8.9875,73,0
D4,1789.0,8.727142857142857,73,0
D5,1387.0,11.32625,73,0
D7,1389.0,11.387777777777778,73,0
L10,1389.0,11.598749999999999,73,0
L12,987.0,11.738,73,0
L14,1789.0,11.2675,73,0
L15,489.0,12.058,73,0
L16,891.0,11.94875,73,0
L18,1387.0,11.54125,73,0
L2,987.0,10.038,73,0
L4,1789.0,10.21625,73,0
L5,1387.0,11.26875,73,0
L7,1389.0,10.98875,73,0
D2,1013.0,8.717500000000001,74,0
D4,1774.0,8.702857142857143,74,0
D5,1203.0,11.55625,74,0
D7,1584.0,11.286666666666667,74,0
L10,1584.0,11.213750000000001,74,0
L12,1013.0,11.542,74,0
L14,1774.0,11.35,74,0
L15,261.0,12.888,74,0
L16,832.0,12.0375,74,0
L18,1203.0,11.7725,74,0
L2,1013.0,10.14,74,0
L4,1774.0,10.315714285714288,74,0
L5,1203.0,11.190000000000001,74,0
L7,1584.0,11.246666666666666,74,0
D2,1121.0,8.994,75,0
D4,1804.0,8.379999999999999,75,0
D5,1531.0,11.18625,75,0
D7,1394.0,11.36888888888889,75,0
L10,1394.0,11.52,75,0
L12,1121.0,11.484,75,0
L14,1804.0,11.47,75,0
L15,463.0,11.805,75,0
L16,736.0,12.08,75,0
L18,1531.0,11.31625,75,0
L2,1121.0,10.203999999999999,75,0
L4,1804.0,10.3675,75,0
L5,1531.0,10.905,75,0
L7,1394.0,11.22111111111111,75,0
D2,1027.0,9.114,76,0
D4,1781.0,8.297142857142857,76,0
D5,1425.0,11.28625,76,0
D7,1383.0,11.49,76,0
L10,1383.0,11.30375,76,0
L12,1027.0,11.392,76,0
L14,1781.0,11.477500000000001,76,0
L15,458.0,11.986,76,0
L16,814.0,11.98375,76,0
L18,1425.0,11.5,76,0
L2,1027.0,9.581999999999999,76,0
L4,1781.0,9.73125,76,0
L5,1425.0,11.186250000000001,76,0
L7,1383.0,11.06125,76,0
D2,995.0,8.66,77,0
D4,1794.0,8.64,77,0
D5,1397.0,11.28125,77,0
D7,1392.0,11.45111111111111,77,0
L10,1392.0,11.48,77,0
L12,995.0,11.39,77,0
L14,1794.0,11.4025,77,0
L15,500.0,11.986,77,0
L16,897.0,11.965,77,0
L18,1397.0,11.567499999999999,77,0
L2,995.0,10.298,77,0
L4,1794.0,10.1325,77,0
L5,1397.0,11.17375,77,0
L7,1392.0,11.393333333333334,77,0
D2,794.0,8.477500000000001,78,0
D4,1691.0,8.577142857142857,78,0
D5,1125.0,11.64375,78,0
D7,1360.0,10.824285714285713,78,0
L10,1360.0,11.295,78,0
L12,794.0,11.6675,78,0
L14,1691.0,11.487142857142857,78,0
L15,511.0,11.4,78,0
L16,1077.0,11.195,78,0
L18,1125.0,11.80125,78,0
L2,794.0,10.64,78,0
L4,1691.0,9.957142857142857,78,0
L5,1125.0,11.67625,78,0
L7,1360.0,10.77875,78,0
D2,1170.0,8.584,79,0
D4,1872.0,8.7175,79,0
D5,1531.0,11.51,79,0
D7,1511.0,10.838750000000001,79,0
L10,1511.0,11.332222222222223,79,0
L12,1170.0,11.502,79,0
L14,1872.0,11.525,79,0
L15,817.0,11.340000000000002,79,0
L16,1158.0,11.4525,79,0
L18,1531.0,11.55125,79,0
L2,1170.0,10.623999999999999,79,0
L4,1872.0,9.9375,79,0
L5,1531.0,11.414444444444444,79,0
L7,1511.0,11.024444444444445,79,0
D2,995.0,8.42,80,0
D4,1793.0,8.415714285714285,80,0
D5,1397.0,11.32,80,0
D7,1391.0,11.428888888888888,80,0
L10,1391.0,11.52,80,0
L12,995.0,11.472,80,0
L14,1793.0,11.3775,80,0
L15,500.0,12.078,80,0
L16,896.0,12.01875,80,0
L18,1397.0,11.565,80,0
L2,995.0,9.994,80,0
L4,1793.0,10.3325,80,0
L5,1397.0,11.315,80,0
L7,1391.0,11.164444444444445,80,0
D2,1378.0,8.53,81,0
D4,1360.0,8.255,81,0
D5,1747.0,11.191428571428572,81,0
D7,991.0,11.48,81,0
L10,991.0,11.697142857142856,81,0
L12,1378.0,11.601666666666667,81,0
L14,1360.0,11.361666666666666,81,0
L15,938.0,10.528571428571428,81,0
L16,551.0,11.821428571428571,81,0
L18,1747.0,10.964285714285714,81,0
L2,1378.0,10.136666666666667,81,0
L4,1360.0,10.023333333333333,81,0
L5,1747.0,10.848571428571429,81,0
L7,991.0,11.37857142857143,81,0
D2,865.0,8.635,82,0
D4,2283.0,8.277777777777779,82,0
D5,1883.0,11.501000000000001,82,0
D7,1265.0,11.324545454545454,82,0
L10,1265.0,11.711,82,0
L12,865.0,11.5625,82,0
L14,2283.0,11.289,82,0
L15,680.0,10.35,82,0
L16,1080.0,11.898,82,0
L18,1883.0,11.493,82,0
L2,865.0,10.592500000000001,82,0
L4,2283.0,9.838888888888889,82,0
L5,1883.0,11.358,82,0
L7,1265.0,11.238,82,0
D2,1317.0,8.191666666666666,83,0
D4,1710.0,8.790000000000001,83,0
D5,1288.0,11.27,83,0
D7,1739.0,11.18875,83,0
L10,1739.0,11.26375,83,0
L12,1317.0,11.626666666666667,83,0
L14,1710.0,11.45875,83,0
L15,1031.0,11.229999999999999,83,0
L16,1453.0,10.685,83,0
L18,1288.0,11.935,83,0
L2,1317.0,9.653333333333334,83,0
L4,1710.0,9.928571428571429,83,0
L5,1288.0,11.47125,83,0
L7,1739.0,10.81375,83,0
D2,1000.0,8.865,84,0
D4,1792.0,8.122857142857143,84,0
D5,1399.0,11.62,84,0
D7,1393.0,11.335555555555555,84,0
L10,1393.0,11.38875,84,0
L12,1000.0,11.572,84,0
L14,1792.0,11.3525,84,0
L15,503.0,11.976,84,0
L16,896.0,11.82375,84,0
L18,1399.0,11.60375,84,0
L2,1000.0,10.468,84,0
L4,1792.0,10.135,84,0
L5,1399.0,11.0875,84,0
L7,1393.0,11.334444444444445,84,0
D2,1120.0,8.812000000000001,85,0
D4,1575.0,9.061428571428571,85,0
D5,1431.0,11.405,85,0
D7,1264.0,11.4225,85,0
L10,1264.0,11.3725,85,0
L12,1120.0,11.356,85,0
L14,1575.0,11.607142857142858,85,0
L15,325.0,12.238333333333335,85,0
L16,469.0,12.65,85,0
L18,1431.0,11.327142857142857,85,0
L2,1120.0,9.708,85,0
L4,1575.0,9.938571428571427,85,0
L5,1431.0,11.327142857142857,85,0
L7,1264.0,10.932500000000001,85,0
D2,590.0,8.729999999999999,86,0
D4,1912.0,8.31,86,0
D5,900.0,11.822222222222223,86,0
D7,1602.0,10.84125,86,0
L10,1602.0,11.415555555555557,86,0
L12,590.0,11.46,86,0
L14,1912.0,11.49375,86,0
L15,423.0,11.2375,86,0
L16,1435.0,11.032222222222222,86,0
L18,900.0,12.146666666666667,86,0
L2,590.0,9.453333333333333,86,0
L4,1912.0,10.205,86,0
L5,900.0,11.852222222222222,86,0
L7,1602.0,10.993333333333332,86,0
D2,613.0,8.383333333333333,87,0
D4,1391.0,8.416666666666666,87,0
D5,1263.0,11.161428571428571,87,0
D7,741.0,11.835714285714285,87,0
L10,741.0,12.264285714285714,87,0
L12,613.0,8.145,87,0
L14,1391.0,10.941666666666668,87,0
L15,3.0,14.31,87,0
L16,131.0,13.178571428571429,87,0
L18,1263.0,11.215714285714286,87,0
L2,613.0,9.816666666666666,87,0
L4,1391.0,10.195,87,0
L5,1263.0,11.007142857142856,87,0
L7,741.0,11.938571428571427,87,0
D2,1010.0,8.58,88,0
D4,1785.0,8.197142857142856,88,0
D5,1400.0,11.21875,88,0
D7,1395.0,11.386666666666665,88,0
L10,1395.0,11.60375,88,0
L12,1010.0,11.274,88,0
L14,1785.0,11.34,88,0
L15,506.0,11.962,88,0
L16,891.0,12.0375,88,0
L18,1400.0,11.40875,88,0
L2,1010.0,10.548,88,0
L4,1785.0,10.33375,88,0
L5,1400.0,11.15,88,0
L7,1395.0,11.273333333333333,88,0
D2,1196.0,8.61,89,0
D4,1716.0,8.764285714285714,89,0
D5,1745.0,11.22625,89,0
D7,1167.0,11.51375,89,0
L10,1167.0,11.73125,89,0
L12,1196.0,11.401666666666666,89,0
L14,1716.0,11.1075,89,0
L15,183.0,13.048333333333332,89,0
L16,154.0,13.24125,89,0
L18,1745.0,11.22875,89,0
L2,1196.0,9.302,89,0
L4,1716.0,10.094285714285714,89,0
L5,1745.0,11.0225,89,0
L7,1167.0,11.35875,89,0
D2,1062.0,8.911999999999999,90,0
D4,2013.0,8.50375,90,0
D5,1716.0,11.222222222222221,90,0
D7,1359.0,11.483333333333333,90,0
L10,1359.0,11.645555555555555,90,0
L12,1062.0,11.297999999999998,90,0
L14,2013.0,11.693333333333333,90,0
L15,545.0,11.672,90,0
L16,842.0,12.342222222222222,90,0
L18,1716.0,11.398888888888889,90,0
L2,1062.0,10.056000000000001,90,0
L4,2013.0,9.975,90,0
L5,1716.0,11.04888888888889,90,0
L7,1359.0,11.354444444444445,90,0
D2,1280.0,8.508,91,0
D4,2154.0,8.333333333333334,91,0
D5,1698.0,11.463,91,0
D7,1736.0,11.118,91,0
L10,1736.0,11.288,91,0
L12,1280.0,11.401666666666666,91,0
L14,2154.0,11.573333333333332,91,0
L15,276.0,12.795,91,0
L16,732.0,12.167777777777777,91,0
L18,1698.0,11.496666666666666,91,0
L2,1280.0,8.963333333333333,91,0
L4,2154.0,9.371111111111112,91,0
L5,1698.0,11.39,91,0
L7,1736.0,10.988,91,0
D2,1008.0,8.5725,92,0
D4,1792.0,8.231428571428571,92,0
D5,1409.0,11.37125,92,0
D7,1391.0,11.408888888888889,92,0
L10,1391.0,11.45625,92,0
L12,1008.0,11.604,92,0
L14,1792.0,11.32875,92,0
L15,508.0,12.026,92,0
L16,891.0,11.9975,92,0
L18,1409.0,11.63125,92,0
L2,1008.0,9.331999999999999,92,0
L4,1792.0,10.26375,92,0
L5,1409.0,11.23,92,0
L7,1391.0,11.185555555555556,92,0
D2,740.0,8.563333333333333,93,0
D4,1747.0,8.785714285714286,93,0
D5,1270.0,11.5175,93,0
D7,1217.0,11.5975,93,0
L10,1217.0,11.66875,93,0
L12,740.0,10.2875,93,0
L14,1747.0,11.51125,93,0
L15,68.0,13.905,93,0
L16,545.0,12.34875,93,0
L18,1270.0,11.6075,93,0
L2,740.0,10.8075,93,0
L4,1747.0,10.268571428571429,93,0
L5,1270.0,11.355,93,0
L7,1217.0,11.282499999999999,93,0
D2,1292.0,8.408,94,0
D4,1774.0,8.69,94,0
D5,1465.0,11.3,94,0
D7,1601.0,11.4925,94,0
L10,1601.0,11.73875,94,0
L12,1292.0,10.125,94,0
L14,1774.0,11.4075,94,0
L15,83.0,13.423333333333332,94,0
L16,392.0,13.06,94,0
L18,1465.0,11.22,94,0
L2,1292.0,10.388333333333334,94,0
L4,1774.0,10.244285714285713,94,0
L5,1465.0,10.965,94,0
L7,1601.0,11.39625,94,0
D2,1001.0,8.247499999999999,95,0
D4,1789.0,8.595714285714285,95,0
D5,1399.0,11.34,95,0
D7,1391.0,11.411111111111111,95,0
L10,1391.0,11.52125,95,0
L12,1001.0,11.568000000000001,95,0
L14,1789.0,11.3875,95,0
L15,500.0,11.834,95,0
L16,890.0,11.915,95,0
L18,1399.0,11.6275,95,0
L2,1001.0,10.08,95,0
L4,1789.0,10.435,95,0
L5,1399.0,11.23375,95,0
L7,1391.0,11.06,95,0
D2,1116.0,8.156,96,0
D4,1468.0,8.37,96,0
D5,1146.0,11.370000000000001,96,0
D7,1438.0,10.847142857142858,96,0
L10,1438.0,11.302857142857144,96,0
L12,1116.0,11.608,96,0
L14,1468.0,11.325714285714286,96,0
L15,802.0,11.085,96,0
L16,1124.0,10.97,96,0
L18,1146.0,11.521428571428572,96,0
L2,1116.0,9.518,96,0
L4,1468.0,10.213333333333333,96,0
L5,1146.0,11.218571428571428,96,0
L7,1438.0,11.134285714285713,96,0
D2,1115.0,8.618,97,0
D4,1765.0,8.572857142857142,97,0
D5,1421.0,11.4,97,0
D7,1459.0,11.29,97,0
L10,1459.0,11.395,97,0
L12,1115.0,11.542,97,0
L14,1765.0,11.51125,97,0
L15,480.0,12.195,97,0
L16,824.0,12.155000000000001,97,0
L18,1421.0,11.4375,97,0
L2,1115.0,10.114,97,0
L4,1765.0,10.02,97,0
L5,1421.0,11.12625,97,0
L7,1459.0,11.065,97,0
D2,652.0,8.543333333333333,98,0
D4,2222.0,8.634444444444444,98,0
D5,1607.0,11.427,98,0
D7,1267.0,11.411,98,0
L10,1267.0,11.67,98,0
L12,652.0,11.852500000000001,98,0
L14,2222.0,11.425555555555555,98,0
L15,239.0,12.1,98,0
L16,854.0,12.154,98,0
L18,1607.0,11.485,98,0
L2,652.0,9.893333333333333,98,0
L4,2222.0,9.714444444444444,98,0
L5,1607.0,11.189,98,0
L7,1267.0,11.309000000000001,98,0
D2,992.0,8.45,99,0
D4,1804.0,8.361428571428572,99,0
D5,1420.0,11.445,99,0
D7,1376.0,11.262222222222222,99,0
L10,1376.0,11.41375,99,0
L12,992.0,11.430000000000001,99,0
L14,1804.0,11.370000000000001,99,0
L15,491.0,12.024000000000001,99,0
L16,875.0,11.825,99,0
L18,1420.0,11.7575,99,0
L2,992.0,10.2,99,0
L4,1804.0,10.57125,99,0
L5,1420.0,11.34625,99,0
L7,1376.0,11.174444444444443,99,0
